ExtendedLineage	ScientificName	Genome	loci	totalcopies	meancopies
Amphibians	Ambystoma mexicanum x Ambystoma tigrinum	GCF_040938575.1	1048	2210	2.1087786259541983
Amphibians	Anomaloglossus baeobatrachus	GCA_048569485.1	1277	2764	2.164447924823806
Amphibians	Ascaphus truei	GCA_040206685.1	895	1289	1.440223463687151
Amphibians	Bombina bombina	GCF_027579735.1	1199	2603	2.170975813177648
Amphibians	Bombina variegata	GCA_964205295.1	1134	2447	2.1578483245149913
Amphibians	Bufo bufo	GCF_905171765.1	982	1893	1.9276985743380854
Amphibians	Dendropsophus ebraccatus	GCF_027789765.1	845	1322	1.5644970414201183
Amphibians	Discoglossus pictus	GCA_027410445.1	1147	2472	2.155187445510026
Amphibians	Eleutherodactylus coqui	GCF_035609145.1	711	1094	1.5386779184247539
Amphibians	Engystomops pustulosus	GCF_040894005.1	686	1102	1.6064139941690962
Amphibians	Gastrophryne carolinensis	GCA_027917425.1	1064	2148	2.018796992481203
Amphibians	Geotrypetes seraphini	GCF_902459505.1	1857	3517	1.893914916532041
Amphibians	Hyla sarda	GCF_029499605.1	1145	2160	1.8864628820960698
Amphibians	Hyperolius riggenbachi	GCF_040937935.1	1006	2054	2.0417495029821073
Amphibians	Leptodactylus fuscus	GCA_031893055.1	1001	1759	1.7572427572427571
Amphibians	Lissotriton helveticus	GCA_964261635.1	1234	2891	2.342787682333874
Amphibians	Lissotriton vulgaris	GCA_964263255.1	1290	2866	2.221705426356589
Amphibians	Mantella aurantiaca	GCA_048565345.1	1179	2559	2.1704834605597965
Amphibians	Microcaecilia unicolor	GCA_901765095.2	1770	3137	1.772316384180791
Amphibians	Mixophyes fleayi	GCA_038048845.1	728	1187	1.6304945054945055
Amphibians	Pelobates fuscus	GCF_036172605.1	736	1264	1.7173913043478262
Amphibians	Pelodytes ibericus	GCA_036172795.1	710	1137	1.6014084507042254
Amphibians	Pelophylax lessonae	GCA_965119305.1	805	1419	1.7627329192546584
Amphibians	Pleurodeles waltl	GCA_026652325.1	1108	2091	1.8871841155234657
Amphibians	Pseudophryne corroboree	GCF_028390025.1	1102	1924	1.7459165154264973
Amphibians	Rana temporaria	GCF_905171775.1	1147	2205	1.922406277244987
Amphibians	Ranitomeya imitator	GCF_032444005.1	1148	2403	2.093205574912892
Amphibians	Rhinatrema bivittatum	GCF_901001135.1	2212	4380	1.9801084990958409
Amphibians	Rhinophrynus dorsalis	GCA_037306005.1	706	1243	1.7606232294617563
Amphibians	Spea bombifrons	GCF_027358695.1	729	1077	1.477366255144033
Amphibians	Triturus cristatus	GCA_964204655.1	926	1459	1.5755939524838012
Amphibians	Xenopus petersii	GCA_038501925.1	664	1425	2.1460843373493974
Birds	Acanthisitta chloris	GCA_016904835.1	50760	56081	1.104826635145784
Birds	Acridotheres tristis	GCA_027559615.1	50804	56292	1.1080229903157233
Birds	Aegotheles albertisi	GCA_039906565.1	53775	59754	1.1111854951185496
Birds	Agelaius phoeniceus	GCF_020745825.1	49996	56420	1.1284902792223377
Birds	Alca Torda	GCA_008658365.1	58148	64968	1.1172869230240077
Birds	Amazona ochrocephala 	GCA_039720435.1	51348	57706	1.12382176520994
Birds	Ammodramus caudacutus	GCF_027887145.1	49830	55239	1.1085490668272124
Birds	Ammospiza maritima	GCA_036010785.1	49456	55644	1.1251213199611776
Birds	Ammospiza nelsoni	GCF_027579445.1	49800	55221	1.108855421686747
Birds	Anas acuta	GCF_963932015.1	47728	52323	1.0962747234327859
Birds	Anas platyrhynchos	GCA_964188345.1	47848	52822	1.1039541882628323
Birds	Anser anser	GCA_964211835.1	50379	55743	1.1064729351515512
Birds	Anser brachyrhynchus	GCA_964034855.1	50244	55387	1.1023604808534353
Birds	Anser cygnoides	GCF_040182565.1	49556	55323	1.116373395754298
Birds	Apteryx mantelli	GCF_036417845.1	50812	55525	1.0927536802330158
Birds	Apus apus	GCF_020740795.1	51215	56203	1.0973933417943962
Birds	Aquila chrysaetos	GCF_900496995.4	60866	67983	1.1169289915552196
Birds	Ara ararauna	GCA_028858755.1	51646	57562	1.1145490454246214
Birds	Astur gentilis	GCF_929443795.1	60458	67773	1.120993086109365
Birds	Athene noctua	GCA_965140245.1	58753	66558	1.1328442802920702
Birds	Aythya ferina	GCA_964211825.1	47803	52700	1.102441269376399
Birds	Aythya fuligula	GCF_009819795.1	47730	52153	1.0926670856903415
Birds	Aythya marila	GCA_965140915.1	46962	52157	1.1106213534346918
Birds	Balearica regulorum gibbericeps	GCA_011004875.1	58747	65317	1.1118354979828757
Birds	Branta canadensis	GCA_965231335.1	49689	55190	1.110708607538892
Birds	Bucephala clangula	GCA_964059595.1	48476	52986	1.0930357290205464
Birds	Bucorvus abyssinicus	GCA_009769605.1	54537	60414	1.1077617030639748
Birds	Buteo buteo	GCA_964188355.1	60574	67740	1.1183015815366328
Birds	Caloenas nicobarica	GCF_036013445.1	55194	60995	1.105102003840997
Birds	Calonectris borealis	GCA_964195595.2	60411	69054	1.1430699707007002
Birds	Calypte anna	GCF_003957555.1	47078	51400	1.091805089426059
Birds	Caprimulgus europaeus	GCA_907165065.1	54818	60661	1.1065890765806852
Birds	Cariama cristata	GCA_009819825.1	59375	66352	1.1175073684210526
Birds	Catharus ustulatus	GCF_009819885.2	49361	56436	1.143331780150321
Birds	Chiroxiphia lanceolata	GCF_009829145.1	52418	57828	1.10320882139723
Birds	Chlamydotis macqueenii	GCA_036417535.1	55482	62285	1.1226163440395083
Birds	Chroicocephalus ridibundus	GCF_963924245.1	58371	65449	1.1212588442891163
Birds	Ciconia maguari	GCA_017639555.1	61036	67877	1.1120813945868013
Birds	Cinclus cinclus	GCF_963662255.1	50123	56004	1.1173313648424874
Birds	Clangula hyemalis	GCA_963989345.1	47578	52613	1.1058262222035395
Birds	Colius striatus	GCF_028858725.1	49930	55301	1.1075705988383737
Birds	Coloeus monedula	GCA_965178545.1	52745	59538	1.128789458716466
Birds	Columba livia	GCF_036013475.1	53367	59304	1.111248524368992
Birds	Corvus hawaiiensis	GCF_020740725.1	53149	58957	1.1092776910195865
Birds	Corvus moneduloides	GCF_009650955.1	53121	58893	1.1086575930422997
Birds	Coturnix chinensis	GCA_039878825.1	35840	38546	1.0755022321428571
Birds	Cuculus canorus	GCF_017976375.1	51661	57653	1.1159869146938697
Birds	Cyanocitta cristata	GCA_046129655.1	52702	59710	1.1329740806800501
Birds	Cygnus columbianus	GCA_965151615.1	49821	55480	1.113586640171815
Birds	Cygnus olor	GCF_009769625.2	50238	55018	1.0951470998049286
Birds	Dixiphia pipra	GCF_036250125.1	51875	58333	1.1244915662650603
Birds	Dromaius novaehollandiae	GCF_036370855.1	49364	56243	1.1393525646219917
Birds	Dryobates pubescens	GCF_014839835.1	37859	40927	1.0810375340077656
Birds	Erithacus rubecula	GCA_903797595.2	48723	54005	1.1084087597233339
Birds	Eudromia elegans	GCA_047922985.1	32600	35438	1.0870552147239263
Birds	Falco biarmicus	GCF_023638135.1	59046	66103	1.1195169867560886
Birds	Falco cherrug	GCF_023634085.1	59151	66197	1.119118865277003
Birds	Falco naumanni	GCF_017639655.2	59151	66288	1.1206573008064107
Birds	Falco peregrinus	GCF_023634155.1	59121	66258	1.1207185264119348
Birds	Falco punctatus	GCA_963210335.1	59006	65702	1.1134799850862624
Birds	Falco rusticolus	GCF_015220075.1	59100	66042	1.1174619289340102
Birds	Fringilla coelebs	GCA_963513975.1	50546	56188	1.1116210976140546
Birds	Gallinula chloropus	GCA_964237585.1	51711	57203	1.1062056428999631
Birds	Gallus gallus	GCF_016700215.2	39982	43210	1.0807363313491072
Birds	Gavia stellata	GCF_030936135.1	60222	67161	1.1152236724120754
Birds	Geothlypis trichas	GCA_009764595.1	49794	55494	1.114471623087119
Birds	Grus americana	GCF_028858705.1	58960	65847	1.1168080054274083
Birds	Grus grus	GCA_964106855.1	58912	65436	1.1107414448669202
Birds	Guaruba guaruba	GCA_045345405.1	51759	57802	1.11675264205259
Birds	Gulosus aristotelis	GCA_949628215.1	59237	66038	1.1148100005064403
Birds	Gypaetus barbatus	GCA_028022735.1	60898	68224	1.1202995172255246
Birds	Haemorhous mexicanus	GCF_027477595.1	50864	56436	1.1095470273670966
Birds	Haliaeetus albicilla	GCF_947461875.1	60291	68541	1.1368363437328954
Birds	Harpia harpyja	GCF_026419915.1	60887	68331	1.122259267167047
Birds	Heliangelus exortis	GCF_036169615.1	46499	51080	1.0985182477042517
Birds	Hemiprocne comata	GCA_020745705.1	52872	58088	1.0986533514903918
Birds	Hirundo rustica	GCF_015227805.1	49210	55030	1.118268644584434
Birds	Lagopus muta	GCF_023343835.1	38583	41684	1.080372184640904
Birds	Larus argentatus	GCA_964417175.1	58457	66042	1.1297534940212464
Birds	Larus fuscus	GCA_963932225.1	58358	65509	1.1225367558860824
Birds	Larus michahellis	GCA_964199755.1	58391	65869	1.12806768166327
Birds	Lathamus discolor	GCF_037157495.1	51907	57189	1.101758914982565
Birds	Leptosomus discolor	GCA_034619465.1	58664	65326	1.113561980090004
Birds	Lonchura striata domestica	GCA_046129695.1	49294	55224	1.1202986164644784
Birds	Lycocorax pyrrhopterus	GCA_014706295.1	53400	59392	1.1122097378277154
Birds	Melopsittacus undulatus	GCF_012275295.1	51281	57249	1.116378385756908
Birds	Melospiza georgiana	GCF_028018845.1	49591	54892	1.1068943961605937
Birds	Melospiza melodia	GCF_035770615.1	49428	55826	1.1294408027838472
Birds	Mergus octosetaceus	GCA_036873955.1	47195	52473	1.1118338807077022
Birds	Merops nubicus	GCA_009819595.1	51408	56677	1.102493775287893
Birds	Morphnus guianensis	GCA_045345515.1	60775	69487	1.1433484162895928
Birds	Morus bassanus	GCA_031468815.1	60478	67256	1.1120738119646814
Birds	Nesoenas mayeri	GCA_963082525.1	53263	59155	1.1106208812871974
Birds	Netta rufina	GCA_964035555.1	47697	52114	1.0926054049520935
Birds	Numenius arquata	GCA_964106895.1	56582	63052	1.1143473189353506
Birds	Nyctibius grandis	GCF_013368605.1	56964	64389	1.1303454813566463
Birds	Oenanthe melanoleuca	GCF_029582105.1	48110	53885	1.1200374142589897
Birds	Opisthocomus hoazin	GCA_030867145.1	57469	64551	1.12323165532722
Birds	Passer domesticus	GCF_036417665.1	50719	56397	1.1119501567459926
Birds	Passerculus sandwichensis	GCA_031885435.1	49830	55327	1.1103150712422236
Birds	Patagioenas fasciata	GCA_036971685.2	50600	56555	1.117687747035573
Birds	Pelecanus crispus	GCA_030463565.1	59533	67421	1.1324979423177062
Birds	Phaethon aethereus	GCA_964289735.1	57918	66048	1.1403708691598466
Birds	Phaethornis superciliosus	GCA_023637945.2	46760	51049	1.0917236954662104
Birds	Phalacrocorax carbo	GCF_963921805.1	59306	66054	1.1137827538528986
Birds	Phoenicopterus ruber	GCA_009819775.1	60017	67180	1.1193495176366697
Birds	Platalea leucorodia	GCA_965183815.1	60619	68690	1.133143073953711
Birds	Pluvialis apricaria	GCA_017639485.1	59577	66356	1.1137855212582037
Birds	Podargus strigoides	GCA_028020825.1	53395	61006	1.1425414364640885
Birds	Poecile atricapillus	GCF_030490865.1	51096	60860	1.1910912791607953
Birds	Pogoniulus pusillus	GCF_015220805.1	34468	37107	1.0765637692932575
Birds	Porphyrio hochstetteri	GCA_020800305.1	52277	57798	1.1056104979245174
Birds	Psittacula echo	GCA_963264785.1	52219	57446	1.1000976656006434
Birds	Pterocles gutturalis	GCA_009769525.1	55169	60648	1.099313019993112
Birds	Rhea pennata	GCF_028389875.1	44047	47901	1.0874974459100506
Birds	Rhynochetos jubatus	GCA_027574665.1	55176	61340	1.1117152385094968
Birds	Rissa tridactyla	GCF_028500815.1	58643	65603	1.1186842419385092
Birds	Sarcoramphus papa	GCA_037962945.1	61362	70246	1.1447801571004856
Birds	Spheniscus humboldti	GCA_027474245.1	60595	68078	1.1234920372968067
Birds	Sterna hirundo	GCA_009819605.1	58559	65461	1.1178640345634319
Birds	Streptopelia decaocto	GCA_964273445.1	53371	59098	1.10730546551498
Birds	Streptopelia turtur	GCA_901699155.2	53013	61410	1.1583951106332409
Birds	Strigops habroptilus	GCF_004027225.2	53923	59819	1.1093410974908666
Birds	Strix aluco	GCA_031877795.1	59928	68180	1.1376985716192765
Birds	Struthio camelus australis	GCF_040807025.1	49336	55540	1.1257499594616507
Birds	Sylvia atricapilla	GCF_009819655.1	49601	55927	1.127537751255015
Birds	Sylvia borin	GCA_014839755.1	50785	56118	1.105011322240819
Birds	Taeniopygia guttata	GCA_048771995.1	49471	55518	1.122233227547452
Birds	Tauraco erythrolophus	GCA_009769465.1	56983	63267	1.1102785041152625
Birds	Tetrao urogallus	GCA_951394365.1	38450	41325	1.0747724317295189
Birds	Theristicus caerulescens	GCA_020745775.1	60462	67030	1.1086302140187225
Birds	Trogon surrucura	GCA_020746105.1	51714	56826	1.0988513748694744
Birds	Vanellus vanellus	GCA_965231255.1	58673	65296	1.1128798595606155
Birds	Vidua chalybeata	GCF_026979565.1	50481	56637	1.1219468711000178
Birds	Willisornis vidua	GCA_045364795.1	50162	55968	1.1157449862445676
Birds	Zonotrichia albicollis	GCA_047830755.1	49702	55168	1.1099754537040762
Birds	Zosterops lateralis	GCA_965231275.1	49632	56148	1.1312862669245647
Cartilaginous fishes	Amblyraja radiata	GCF_010909765.2	3314	7937	2.3949909474954736
Cartilaginous fishes	Carcharodon carcharias	GCF_017639515.1	3988	11540	2.893681043129388
Cartilaginous fishes	Cetorhinus maximus	GCA_964194155.1	3707	8412	2.269220393849474
Cartilaginous fishes	Hemiscyllium ocellatum	GCF_020745735.1	3391	7408	2.1846063108227662
Cartilaginous fishes	Heptranchias perlo	GCF_035084215.1	4035	9844	2.4396530359355637
Cartilaginous fishes	Heterodontus francisci	GCF_036365525.1	3782	10494	2.774722369116869
Cartilaginous fishes	Hydrolagus colliei	GCA_035084275.1	2592	5867	2.263503086419753
Cartilaginous fishes	Hypanus sabinus	GCF_030144855.1	3438	9464	2.752763234438627
Cartilaginous fishes	Mobula birostris	GCF_030028105.1	2666	8148	3.056264066016504
Cartilaginous fishes	Mustelus asterias	GCA_964213995.1	3835	9163	2.389308996088657
Cartilaginous fishes	Narcine bancroftii	GCF_036971445.1	2465	5409	2.194320486815416
Cartilaginous fishes	Pristiophorus japonicus	GCF_044704955.1	3955	12557	3.174968394437421
Cartilaginous fishes	Pristis pectinata	GCF_009764475.1	2628	5013	1.9075342465753424
Cartilaginous fishes	Raja brachyura	GCA_963514005.1	3254	7589	2.3322065150583895
Cartilaginous fishes	Scyliorhinus canicula	GCF_902713615.1	4149	9471	2.282718727404194
Cartilaginous fishes	Stegostoma tigrinum	GCF_030684315.1	2802	5995	2.1395431834403995
Crocodilians	Alligator mississippiensis	GCF_030867095.1	9657	10432	1.080252666459563
Crocodilians	Gavialis gangeticus	GCA_030020295.1	9648	10406	1.0785655058043118
Cyclostomes	Lampetra fluviatilis	GCA_964198595.1	2824	6423	2.2744334277620397
Cyclostomes	Myxine glutinosa	GCA_964187855.1	3247	8418	2.592546966430551
Cyclostomes	Petromyzon marinus	GCA_048934315.1	3180	8986	2.8257861635220127
Lepidosauria	Anniella stebbinsi	GCA_029215775.1	974	1194	1.2258726899383983
Lepidosauria	Anolis sagrei	GCF_037176765.1	955	1362	1.4261780104712043
Lepidosauria	Aspidoscelis tigris stejnegeri	GCA_023333525.2	711	867	1.219409282700422
Lepidosauria	Bradypodion pumilum	GCA_047715975.1	727	933	1.2833562585969738
Lepidosauria	Candoia aspera	GCF_035149785.1	704	936	1.3295454545454546
Lepidosauria	Cyclura pinguis	GCA_030412105.1	895	1165	1.3016759776536313
Lepidosauria	Dibamus smithi	GCA_046126795.1	762	1048	1.3753280839895012
Lepidosauria	Elgaria multicarinata webbii	GCF_023053635.1	859	1107	1.2887077997671712
Lepidosauria	Erythrolamprus reginae	GCF_031021105.1	808	1340	1.6584158415841583
Lepidosauria	Eublepharis macularius	GCF_028583425.1	874	1154	1.3203661327231122
Lepidosauria	Euleptes europaea	GCF_029931775.1	1034	1321	1.2775628626692457
Lepidosauria	Furcifer pardalis	GCA_030440675.1	843	1121	1.3297746144721234
Lepidosauria	Lacerta agilis	GCF_009819535.1	934	1202	1.2869379014989293
Lepidosauria	Liasis olivaceus	GCA_030867105.1	747	904	1.2101740294511378
Lepidosauria	Natrix helvetica	GCA_964273705.1	797	1299	1.629861982434128
Lepidosauria	Podarcis bocagei	GCA_964188305.1	949	1322	1.3930453108535301
Lepidosauria	Podarcis cretensis	GCA_951804945.1	1017	1364	1.3411996066863323
Lepidosauria	Podarcis erhardii	GCA_964252035.1	961	1195	1.2434963579604579
Lepidosauria	Podarcis filfolensis	GCA_964270895.1	989	1275	1.2891809908998988
Lepidosauria	Podarcis gaigeae	GCA_964106915.2	971	1312	1.3511843460350155
Lepidosauria	Podarcis liolepis	GCA_965112155.1	862	1098	1.2737819025522041
Lepidosauria	Podarcis melisellensis	GCA_964234715.1	998	1349	1.3517034068136273
Lepidosauria	Podarcis muralis	GCA_964188315.1	975	1329	1.363076923076923
Lepidosauria	Podarcis pityusensis	GCA_964106645.2	977	1328	1.3592630501535312
Lepidosauria	Podarcis raffonei	GCF_027172205.1	994	1297	1.3048289738430583
Lepidosauria	Podarcis siculus	GCA_964188175.1	997	1393	1.3971915747241725
Lepidosauria	Podarcis tiliguerta	GCA_965153285.1	871	1114	1.2789896670493686
Lepidosauria	Podarcis vaucheri	GCA_965113315.1	865	1096	1.2670520231213873
Lepidosauria	Rhineura floridana	GCF_030035675.1	884	1181	1.335972850678733
Lepidosauria	Shinisaurus crocodilurus	GCA_021292165.1	907	1241	1.3682469680264608
Lepidosauria	Thamnophis elegans	GCF_009769535.1	793	1316	1.6595208070617906
Lepidosauria	Tiliqua scincoides	GCA_035046505.1	855	1055	1.2339181286549707
Lepidosauria	Vipera berus	GCA_964194415.1	814	1298	1.5945945945945945
Lepidosauria	Vipera latastei	GCA_024294585.1	815	1453	1.7828220858895705
Lepidosauria	Vipera ursinii	GCA_947247035.1	831	1334	1.605294825511432
Lepidosauria	Zootoca vivipara	GCF_963506605.1	902	1135	1.2583148558758315
Lobe-finned fishes	Latimeria chalumnae	GCF_037176945.1	1966	3870	1.9684638860630723
Lobe-finned fishes	Protopterus annectens	GCA_040939525.1	3180	6875	2.161949685534591
Mammals	Acomys minous	GCA_964271855.1	4788	5440	1.136173767752715
Mammals	Acomys russatus	GCF_903995435.1	5389	6377	1.183336426053071
Mammals	Antrozous pallidus	GCA_027563665.1	9586	10569	1.1025453786772377
Mammals	Apodemus sylvaticus	GCF_947179515.1	5260	6249	1.188022813688213
Mammals	Artibeus intermedius	GCA_038363145.1	11161	12129	1.0867305796971598
Mammals	Artibeus lituratus	GCA_038363095.2	11832	12774	1.0796146044624746
Mammals	Arvicanthis niloticus	GCA_011762505.3	5498	6532	1.1880683885049108
Mammals	Arvicola amphibius	GCF_903992535.2	5442	6211	1.141308342521132
Mammals	Aselliscus stoliczkanus	GCA_043727835.1	12993	14291	1.0998999461248364
Mammals	Balaenoptera acutorostrata	GCF_949987535.1	14535	15944	1.0969384244926041
Mammals	Balaenoptera borealis	GCA_965194805.1	14143	15147	1.0709891819274553
Mammals	Balaenoptera musculus	GCF_009873245.2	14371	15434	1.073968408600654
Mammals	Balaenoptera physalus	GCA_965194825.1	14148	15212	1.0752049759683346
Mammals	Balaenoptera ricei	GCF_028023285.1	14571	15608	1.0711687598654862
Mammals	Bos taurus	GCF_003369695.1	11363	12672	1.1151984511132624
Mammals	Callithrix jacchus	GCA_049354715.1	13462	15247	1.132595453870153
Mammals	Callospermophilus lateralis	GCA_048772815.1	10158	13082	1.2878519393581414
Mammals	Camelus dromedarius	GCF_036321535.1	13113	14207	1.0834286585830855
Mammals	Canis lupus baileyi	GCF_048164855.1	11896	12963	1.089694014794889
Mammals	Canis lupus familiaris	GCF_011100685.1	12353	13585	1.09973285841496
Mammals	Canis lupus orion	GCA_905319855.2	12555	13559	1.079968140183194
Mammals	Capra hircus	GCA_041735815.1	10904	11910	1.0922597212032281
Mammals	Castor canadensis	GCA_047511655.1	10292	11712	1.1379712397979014
Mammals	Cervus elaphus	GCF_910594005.1	11654	13036	1.1185858932555346
Mammals	Chionomys nivalis	GCF_950005125.1	5423	5980	1.102710676747188
Mammals	Choloepus didactylus	GCF_015220235.1	11906	13560	1.1389215521585756
Mammals	Cnephaeus nilssonii 	GCA_951640355.1	11255	12348	1.0971123944913372
Mammals	Corynorhinus townsendii	GCA_026230055.1	10564	11597	1.0977849299507763
Mammals	Ctenodactylus gundi	GCA_048771875.1	6831	7352	1.0762699458351632
Mammals	Cynocephalus volans	GCF_027409185.1	13354	15090	1.1299985023214019
Mammals	Dama dama	GCA_048126745.1	11215	12263	1.0934462773071778
Mammals	Dasypus novemcinctus	GCF_030445035.2	10592	12216	1.153323262839879
Mammals	Dasyurus maculatus	GCA_048593285.1	1505	1906	1.2664451827242524
Mammals	Delphinus delphis	GCF_949987515.2	13623	14492	1.0637891800631285
Mammals	Desmodus rotundus	GCA_022682495.2	11743	12591	1.0722132334156518
Mammals	Diceros bicornis minor	GCF_020826845.1	14848	16144	1.0872844827586208
Mammals	Doryrhina cyclops	GCA_043880285.1	12751	13918	1.0915222335503099
Mammals	Dromiciops gliroides	GCF_019393635.1	1952	2596	1.3299180327868851
Mammals	Dugong dugon	GCA_030035585.1	10961	11931	1.0884955752212389
Mammals	Elephas maximus indicus	GCF_024166365.1	10503	11443	1.0894982385984957
Mammals	Eptesicus fuscus	GCF_027574615.1	10644	11541	1.084272829763247
Mammals	Equus caballus	GCA_036426135.1	14449	15786	1.0925323551802892
Mammals	Erethizon dorsatum	GCA_028451465.1	9959	10795	1.0839441711015163
Mammals	Erinaceus europaeus	GCF_950295315.1	5446	6434	1.1814175541681968
Mammals	Eschrichtius robustus	GCF_028021215.1	14558	15472	1.062783349361176
Mammals	Eubalaena glacialis	GCF_028564815.1	14652	15752	1.075075075075075
Mammals	Globicephala melas	GCF_963455315.2	13670	14586	1.0670080468178493
Mammals	Glossophaga mutica	GCA_039655065.1	12191	12969	1.0638175703387744
Mammals	Gorilla gorilla	GCF_029281585.2	14107	16639	1.1794853618770822
Mammals	Grampus griseus	GCA_964374135.1	13996	15035	1.0742354958559588
Mammals	Halichoerus grypus	GCA_964656455.1	13413	14589	1.0876761350928204
Mammals	Heterohyrax brucei	GCA_028571685.1	8465	9233	1.0907265209686947
Mammals	Hippopotamus amphibius	GCF_030028045.1	14184	15346	1.0819232938522279
Mammals	Hipposideros larvatus	GCA_031876335.1	13540	14507	1.0714180206794683
Mammals	Homo sapiens	GCA_009914755.4	14069	16324	1.1602814698983581
Mammals	Hyperoodon ampullatus	GCA_949752795.1	13980	15200	1.0872675250357653
Mammals	Inia geoffrensis	GCA_036417435.1	13576	14414	1.0617265763111372
Mammals	Jaculus jaculus	GCF_020740685.1	5988	6950	1.1606546426185704
Mammals	Kogia breviceps	GCF_026419965.1	13784	14608	1.0597794544399304
Mammals	Lagenorhynchus albirostris	GCF_949774975.1	14114	15008	1.0633413631854896
Mammals	Lemur catta	GCF_020740605.2	13299	14571	1.0956462891946763
Mammals	Leucopleurus acutus	GCA_964270905.1	14136	15019	1.0624646293152236
Mammals	Loxodonta africana	GCF_030014295.1	10125	10980	1.0844444444444445
Mammals	Lutra lutra	GCF_902655055.1	12050	13013	1.0799170124481328
Mammals	Lycaon pictus	GCA_040955705.1	11838	12803	1.0815171481669201
Mammals	Lynx canadensis	GCF_007474595.2	12688	13701	1.0798392181588903
Mammals	Macaca fascicularis	GCF_037993035.1	13948	15786	1.1317751648981933
Mammals	Macaca nemestrina	GCF_043159975.1	13840	15652	1.1309248554913294
Mammals	Macropus eugenii	GCF_028372415.1	1701	2298	1.3509700176366843
Mammals	Macrotis lagotis	GCA_037893015.1	1775	2507	1.4123943661971832
Mammals	Manis pentadactyla	GCF_030020395.1	13386	14530	1.0854624234274615
Mammals	Marmota flaviventris	GCF_047511675.1	10061	11187	1.1119173044428983
Mammals	Martes martes	GCA_963455335.1	12996	14029	1.079485995690982
Mammals	Megaderma spasma	GCA_043880595.1	11865	13239	1.115802781289507
Mammals	Megaptera novaeangliae	GCA_041834305.1	14618	15744	1.0770283212477767
Mammals	Meles meles	GCF_922984935.1	12590	13521	1.0739475774424145
Mammals	Mesoplodon bidens	GCA_964165515.1	13930	15026	1.0786791098348887
Mammals	Mesoplodon densirostris	GCF_025265405.1	13912	15026	1.0800747556066705
Mammals	Mesoplodon mirus	GCA_964341445.1	13641	14825	1.0867971556337512
Mammals	Micromys minutus	GCA_963924665.1	4329	5082	1.173943173943174
Mammals	Microtus pennsylvanicus	GCA_037038515.1	5604	6494	1.1588151320485367
Mammals	Miniopterus schreibersii	GCA_964146895.2	12259	13401	1.0931560486173424
Mammals	Molossus alvarezi 	GCA_037157525.1	11284	12381	1.097217298830202
Mammals	Molossus molossus	GCF_014108415.1	12045	13116	1.0889165628891657
Mammals	Molossus nigricans	GCA_039880945.1	12048	13304	1.1042496679946878
Mammals	Monodelphis domestica	GCF_027887165.1	1857	2494	1.3430263866451266
Mammals	Monodon monocero	GCA_005190385.3	14016	15026	1.0720605022831051
Mammals	Mops condylurus	GCA_043748645.1	11400	12378	1.0857894736842104
Mammals	Muntiacus reevesi	GCF_963930625.1	11721	12894	1.1000767852572306
Mammals	Mus musculus	GCA_949316315.1	5238	6114	1.1672394043528065
Mammals	Muscardinus avellanarius	GCA_963383645.1	7659	8383	1.0945293119206163
Mammals	Mustela erminea	GCF_009829155.1	12448	13521	1.086198586118252
Mammals	Mustela lutreola	GCF_030435805.1	12486	13408	1.0738427038282876
Mammals	Mustela nivalis vulgaris	GCA_964662115.1	12030	13164	1.0942643391521196
Mammals	Myotis daubentonii	GCF_963259705.1	11119	12240	1.100818418922565
Mammals	Myotis emarginatus	GCA_965115925.1	10572	11610	1.0981838819523269
Mammals	Myotis myotis	GCF_014108235.1	11166	12192	1.0918860827512091
Mammals	Myotis mystacinus	GCA_964094495.2	10662	11729	1.1000750328268618
Mammals	Myotis nattereri	GCA_964212035.2	11046	12423	1.1246605105920695
Mammals	Neofelis nebulosa	GCF_028018385.1	12897	13898	1.0776149492129952
Mammals	Neogale vison	GCA_964106545.1	12487	13417	1.074477456554817
Mammals	Notoryctes typhlops	GCA_048126345.1	1617	2448	1.5139146567717996
Mammals	Nyctalus leisleri	GCA_964264875.2	9305	10367	1.1141321869962386
Mammals	Nycticebus coucang	GCF_027406575.1	11413	12892	1.1295890651012004
Mammals	Ochotona princeps	GCF_030435755.1	6547	7462	1.139758668092256
Mammals	Onychomys torridus	GCF_903995425.1	6037	6915	1.1454364750703991
Mammals	Orcinus orca	GCF_937001465.1	14157	15035	1.0620187892915165
Mammals	Ornithorhynchus anatinus	GCF_004115215.2	1273	1789	1.4053417124901806
Mammals	Oryctolagus cuniculus	GCF_964237555.1	8442	9515	1.1271025823264629
Mammals	Ovis aries	GCA_040805955.1	10850	11874	1.0943778801843318
Mammals	Ovis canadensis	GCF_042477335.2	10823	11822	1.0923034278850596
Mammals	Pan paniscus	GCF_029289425.2	14121	16565	1.1730755612208768
Mammals	Pan troglodytes	GCF_028858775.2	14139	16492	1.1664191244076667
Mammals	Panthera onca	GCA_046562885.1	12632	13670	1.0821722609246358
Mammals	Peromyscus maniculatus	GCA_026229955.1	6115	7019	1.1478331970564186
Mammals	Phascolarctos cinereus	GCA_003287225.2	1712	2237	1.3066588785046729
Mammals	Phocoena phocoena	GCF_963924675.1	14050	15005	1.0679715302491104
Mammals	Phocoena sinus	GCF_008692025.1	13845	14911	1.0769953051643193
Mammals	Phyllostomus discolor	GCF_004126475.2	11960	12742	1.0653846153846154
Mammals	Pipistrellus hanaki	GCA_964339955.1	9145	10009	1.0944778567523237
Mammals	Pipistrellus kuhlii	GCF_014108245.1	9788	10763	1.0996117695136902
Mammals	Pipistrellus nathusii	GCA_964656225.1	9086	10050	1.1060972925379704
Mammals	Pipistrellus pipistrellus	GCA_903992545.1	9843	10836	1.100883876866809
Mammals	Pipistrellus pygmaeus	GCA_949987585.1	9917	11080	1.1172733689623877
Mammals	Plecotus auritus	GCA_963455305.1	11368	12580	1.1066150598170303
Mammals	Pongo abelii 	GCF_028885655.2	14191	16271	1.1465717708406737
Mammals	Pongo pygmaeus	GCF_028885625.2	14142	16353	1.15634280865507
Mammals	Pseudorca crassidens	GCF_039906515.1	14124	15116	1.0702350608892666
Mammals	Rattus norvegicus	GCF_015227675.2	5216	6332	1.2139570552147239
Mammals	Rhinolophus affinis	GCA_043728065.1	13703	14863	1.0846529956943736
Mammals	Rhinolophus ferrumequinum	GCF_004115265.2	13673	14615	1.06889490236232
Mammals	Rhinolophus hipposideros	GCA_964194185.1	13562	14707	1.0844270756525587
Mammals	Rhinolophus perniger lanosus	GCA_043748575.1	13315	14522	1.0906496432594819
Mammals	Rhinolophus trifoliatus	GCA_043728145.1	13219	14454	1.093426129056661
Mammals	Rhinolophus yonghoiseni	GCA_043880425.1	13222	14342	1.0847073060051429
Mammals	Rhinopoma microphyllum	GCA_043880545.1	13327	14516	1.089217378254671
Mammals	Rhynchocyon petersi	GCA_043290085.1	5785	6797	1.1749351771823682
Mammals	Rhynchonycteris naso	GCA_037038545.1	10601	11426	1.0778228469012356
Mammals	Rousettus aegyptiacus	GCF_014176215.1	12893	13624	1.056697432715427
Mammals	Saccopteryx bilineata	GCF_036850765.1	11433	12595	1.101635616198723
Mammals	Saccopteryx leptura	GCF_036850995.1	11551	12913	1.1179118691022423
Mammals	Saimiri boliviensis	GCA_048565385.1	13109	14703	1.1215958501792662
Mammals	Sarcophilus harrisii	GCA_048593225.1	1525	2012	1.319344262295082
Mammals	Sciurus carolinensis 	GCF_902686445.1	11273	12649	1.122061563026701
Mammals	Sciurus vulgaris	GCA_902686455.2	10942	12624	1.1537196125022848
Mammals	Sminthopsis crassicaudata	GCA_048593235.1	1550	1988	1.2825806451612902
Mammals	Sorex araneus	GCF_027595985.1	5354	6185	1.1552110571535301
Mammals	Spermophilus citellus	GCA_964194105.1	10808	12749	1.1795891931902294
Mammals	Stenella coeruleoalba	GCA_951394435.1	14154	15145	1.070015543309312
Mammals	Suncus etruscus	GCF_024139225.1	4070	4691	1.1525798525798525
Mammals	Sus scrofa	GCA_048338725.1	11247	12102	1.0760202720725527
Mammals	Symphalangus syndactylus	GCF_028878055.3	13920	15947	1.1456178160919541
Mammals	Tachyglossus aculeatus	GCF_015852505.1	1254	1918	1.529505582137161
Mammals	Tadarida brasiliensis	GCA_030848825.1	12020	13152	1.0941763727121465
Mammals	Talpa europaea	GCA_964194135.1	9885	10722	1.0846737481031867
Mammals	Tamandua tetradactyla	GCA_023851605.1	10936	12536	1.1463057790782736
Mammals	Tapirus indicus	GCA_031878705.1	14728	16043	1.0892857142857142
Mammals	Thomomys bottae	GCA_031878675.1	5368	6427	1.197280178837556
Mammals	Trichechus inunguis	GCA_046562895.1	10789	11825	1.0960237278709797
Mammals	Trichosurus vulpecula	GCF_011100635.1	1983	2690	1.356530509329299
Mammals	Tupaia tana	GCA_026018925.1	9729	10923	1.1227258711069996
Mammals	Tursiops truncatus	GCF_011762595.1	13915	14932	1.0730865971972692
Mammals	Urocitellus parryii	GCA_045843805.1	9876	11848	1.19967598217902
Mammals	Vespertilio murinus	GCA_963924515.1	8968	9797	1.0924397859054416
Mammals	Vulpes vulpes	GCA_964106825.2	11824	12924	1.0930311231393774
Mammals	Zalophus californianus	GCF_009762305.2	13218	14292	1.0812528370403995
Other Deuterostomes	Aplidium turbinatum	GCA_918807975.1	111	164	1.4774774774774775
Other Deuterostomes	Ascidia mentula	GCA_947561715.1	47	69	1.4680851063829787
Other Deuterostomes	Ascidiella aspersa	GCA_963924565.1	31	104	3.3548387096774195
Other Deuterostomes	Asterias rubens	GCF_902459465.1	263	437	1.661596958174905
Other Deuterostomes	Balanoglossus misakiensis	GCA_040954625.2	89	260	2.9213483146067416
Other Deuterostomes	Branchiostoma belcheri	GCA_019207075.1	276	451	1.6340579710144927
Other Deuterostomes	Branchiostoma floridae	GCA_015852565.1	242	335	1.384297520661157
Other Deuterostomes	Branchiostoma lanceolatum	GCA_035083965.1	127	210	1.6535433070866141
Other Deuterostomes	Clavelina lepadiformis	GCA_947623445.1	35	90	2.5714285714285716
Other Deuterostomes	Corella eumyota	GCA_963082875.1	74	228	3.081081081081081
Other Deuterostomes	Styela clava	GCA_964204865.1	45	107	2.3777777777777778
Other Deuterostomes	Thalia democratica	GCA_965202585.1	31	88	2.838709677419355
Other Deuterostomes	Trididemnum clinides	GCA_963675345.1	50	287	5.74
Ray-finned fishes	Abramis brama	GCA_963993115.1	7796	22460	2.8809645972293483
Ray-finned fishes	Acanthopagrus latus	GCF_904848185.1	26083	32975	1.264233408733658
Ray-finned fishes	Acanthopagrus schlegelii	GCA_041753875.1	26244	39211	1.49409388812681
Ray-finned fishes	Acipenser ruthenus	GCF_902713425.1	4619	12356	2.675037886988526
Ray-finned fishes	Alosa sapidissima	GCF_018492685.1	6211	13935	2.2436000644018677
Ray-finned fishes	Amblyopsis spelaea	GCA_046255685.1	8388	15528	1.8512160228898427
Ray-finned fishes	Amia calva	GCF_036373705.1	4484	9294	2.0727029438001785
Ray-finned fishes	Ammodytes marinus	GCA_949987685.1	19456	27005	1.3880037006578947
Ray-finned fishes	Anabas testudineus	GCF_900324465.2	21594	29585	1.3700564971751412
Ray-finned fishes	Anableps anableps	GCA_014839685.1	14451	19833	1.3724309736350426
Ray-finned fishes	Anguilla anguilla	GCF_013347855.1	6427	12932	2.0121362999844408
Ray-finned fishes	Antennarius maculatus	GCA_013358685.1	16749	21401	1.2777479252492687
Ray-finned fishes	Aplochiton taeniatus	GCA_017639675.1	7309	10828	1.481461212204132
Ray-finned fishes	Archocentrus centrarchus	GCF_007364275.1	21442	30072	1.4024811118365823
Ray-finned fishes	Argentina silus	GCA_951799395.1	8766	14207	1.6206935888660734
Ray-finned fishes	Arripis georgiana	GCA_042242135.1	26107	33665	1.2895009001417244
Ray-finned fishes	Astatotilapia calliptera	GCA_964374335.1	21232	39056	1.8394875659382064
Ray-finned fishes	Astyanax mexicanus	GCF_023375975.1	6275	14890	2.3729083665338644
Ray-finned fishes	Aulonocara stuartgranti	GCA_965226115.1	21201	39038	1.8413282392339985
Ray-finned fishes	Aulostomus maculatus	GCA_048301465.1	17309	29028	1.677046623144029
Ray-finned fishes	Barbatula barbatula	GCA_947034865.1	5244	10315	1.9670099160945842
Ray-finned fishes	Barbus barbus	GCA_936440315.1	5659	15845	2.7999646580667963
Ray-finned fishes	Betta splendens	GCF_900634795.4	14349	21300	1.4844240016725905
Ray-finned fishes	Blennius ocellaris	GCA_963422515.1	17038	27275	1.6008334311538912
Ray-finned fishes	Borostomias antarcticus	GCA_949987555.1	9356	18730	2.0019238991021804
Ray-finned fishes	Caesio teres	GCA_048129055.1	27209	44056	1.6191701275313315
Ray-finned fishes	Carassius carassius	GCF_963082965.1	7398	24535	3.3164368748310356
Ray-finned fishes	Centroberyx gerrardi	GCA_048128805.1	21507	35705	1.6601571581345609
Ray-finned fishes	Chaetodon trifascialis	GCF_039877785.1	27742	34061	1.2277773772619134
Ray-finned fishes	Chanos chanos	GCF_902362185.1	6457	12092	1.8726962985906768
Ray-finned fishes	Chelmon rostratus	GCF_017976325.1	27736	33396	1.2040669166426305
Ray-finned fishes	Chelon labrosus	GCA_963514085.1	22954	32345	1.4091225930121112
Ray-finned fishes	Choerodon schoenleinii	GCA_047301625.1	19977	31991	1.6013916003403914
Ray-finned fishes	Clarias gariepinus	GCA_024256435.1	5661	17526	3.0959194488606254
Ray-finned fishes	Coilia mystus	GCA_048544225.1	5538	16383	2.958288190682557
Ray-finned fishes	Conger conger	GCF_963514075.1	6625	15249	2.3017358490566036
Ray-finned fishes	Coregonus lavaretus	GCA_964263955.1	9536	25287	2.6517407718120807
Ray-finned fishes	Cottoperca gobio	GCF_900634415.1	24511	29707	1.2119864550609931
Ray-finned fishes	Cristiceps australis	GCA_049082185.1	15267	23371	1.5308181044082008
Ray-finned fishes	Cyclopterus lumpus	GCF_009769545.1	21738	27597	1.2695280154568038
Ray-finned fishes	Cyprinella venusta	GCA_038024135.1	6938	20558	2.963101758431825
Ray-finned fishes	Danio rerio	GCA_944039275.1	5575	12596	2.259372197309417
Ray-finned fishes	Denticeps clupeoides	GCF_900700375.1	4403	11005	2.4994322053145583
Ray-finned fishes	Diretmus argenteus	GCA_048569125.1	17575	34464	1.9609672830725462
Ray-finned fishes	Echeneis naucrates	GCF_900963305.1	21193	29813	1.406738073892323
Ray-finned fishes	Echiichthys vipera	GCA_963691815.1	25437	32989	1.2968903565672052
Ray-finned fishes	Electrona antarctica	GCA_951216825.1	9323	19500	2.0916014158532663
Ray-finned fishes	Electrophorus electricus	GCA_041902795.1	5149	10416	2.022917071275976
Ray-finned fishes	Enoplosus armatus	GCF_043641665.1	27049	33469	1.2373470368590336
Ray-finned fishes	Epinephelus lanceolatus	GCA_041903045.1	29636	47693	1.6092927520583076
Ray-finned fishes	Epinephelus rankini	GCA_048129235.1	29457	48344	1.6411718776521709
Ray-finned fishes	Erpetoichthys calabaricus	GCF_900747795.2	3219	8467	2.6303199751475614
Ray-finned fishes	Esox lucius	GCF_011004845.1	8155	15103	1.8519926425505824
Ray-finned fishes	Eutrigla gurnardus	GCA_963514095.1	20065	23269	1.1596810366309493
Ray-finned fishes	Fundulus diaphanus	GCA_037039145.1	14849	29826	2.008620109098256
Ray-finned fishes	Gadus morhua	GCF_902167405.1	7235	15392	2.1274360746371803
Ray-finned fishes	Gasterosteus aculeatus	GCA_964276395.1	17333	27885	1.6087809380949634
Ray-finned fishes	Girardinichthys multiradiatus	GCF_021462225.1	14534	22345	1.5374294757121234
Ray-finned fishes	Gobio gobio	GCA_949357685.1	5379	9679	1.7994050938836215
Ray-finned fishes	Gobius niger	GCA_951799975.1	8047	19202	2.3862308935006835
Ray-finned fishes	Gouania willdenowi	GCF_900634775.1	10914	27214	2.493494594099322
Ray-finned fishes	Gymnoscopelus braueri	GCA_963280865.1	9717	20406	2.1000308737264586
Ray-finned fishes	Gymnoscopelus microlampas	GCA_963454915.1	9606	26992	2.8099104726212785
Ray-finned fishes	Hippoglossus hippoglossus	GCF_009819705.1	22580	27743	1.2286536758193092
Ray-finned fishes	Hoplias malabaricus	GCF_029633855.1	5541	15802	2.851831799314203
Ray-finned fishes	Hyperoplus immaculatus	GCA_949357725.1	19623	28165	1.4353055088416653
Ray-finned fishes	Labrus bergylta	GCF_963930695.1	21935	32745	1.4928196945520857
Ray-finned fishes	Labrus mixtus	GCF_963584025.1	22267	33318	1.4962949656442268
Ray-finned fishes	Lampris incognitus	GCF_029633865.1	9920	12561	1.2662298387096773
Ray-finned fishes	Lateolabrax maculatus	GCA_031216445.1	27103	35272	1.3014057484411319
Ray-finned fishes	Lepisosteus oculatus	GCF_040954835.1	3962	7057	1.7811711256940939
Ray-finned fishes	Lethrinus nebulosus	GCA_045362495.1	26522	45330	1.709147123143051
Ray-finned fishes	Leuciscus leuciscus	GCA_965113295.1	7629	19408	2.543976930135011
Ray-finned fishes	Limanda limanda	GCF_963576545.1	21091	33545	1.590488834099853
Ray-finned fishes	Lipophrys pholis	GCA_963383615.1	18138	29102	1.6044767890616385
Ray-finned fishes	Lycodopsis pacificus	GCA_028022725.1	23811	34932	1.467053042711352
Ray-finned fishes	Mastacembelus armatus	GCF_900324485.2	22664	32443	1.4314772326156018
Ray-finned fishes	Megalops cyprinoides	GCF_013368585.1	6276	13666	2.1775015933715745
Ray-finned fishes	Melanonus zugmayeri	GCA_049190665.1	8415	17051	2.026262626262626
Ray-finned fishes	Melanostigma gelatinosum	GCA_949748355.1	23353	29929	1.2815912302487904
Ray-finned fishes	Melanotaenia boesemani	GCF_017639745.1	20066	29021	1.4462772849596333
Ray-finned fishes	Menidia menidia	GCA_048628825.1	15463	26803	1.7333635129017655
Ray-finned fishes	Microchirus variegatus	GCA_963457635.1	15737	21898	1.3914977441697909
Ray-finned fishes	Micromesistius poutassou	GCA_964030765.1	6705	12430	1.8538404175988068
Ray-finned fishes	Micropterus salmoides	GCA_019677235.1	27164	41682	1.5344573700485937
Ray-finned fishes	Microstomus kitt	GCA_964266715.1	21164	27103	1.2806180306180306
Ray-finned fishes	Myripristis murdjan	GCF_902150065.1	19142	27630	1.443422839828649
Ray-finned fishes	Nannobrachium achirus	GCA_963921795.1	8884	27283	3.071026564610536
Ray-finned fishes	Nansenia antarctica	GCA_963989245.1	8549	24862	2.9081763948999884
Ray-finned fishes	Neoarius graeffei	GCF_027579695.1	7123	23171	3.252983293556086
Ray-finned fishes	Neosynchiropus ocellatus	GCA_044231665.1	7197	13069	1.8158955120188969
Ray-finned fishes	Notolabrus celidotus	GCF_009762535.1	23310	30222	1.2965250965250965
Ray-finned fishes	Notolepis coatsi	GCA_963971535.1	9737	28568	2.9339632330286536
Ray-finned fishes	Notothenia rossii 	GCA_949606895.1	21917	31462	1.4355066843089839
Ray-finned fishes	Odontesthes bonariensis	GCA_027942865.1	21457	32556	1.5172670923241833
Ray-finned fishes	Osmerus eperlanus	GCF_963692335.1	8219	18914	2.3012531938191993
Ray-finned fishes	Osmerus mordax	GCA_038355195.1	8178	17392	2.126681340180973
Ray-finned fishes	Pagrus pagrus	GCA_965226575.1	28606	46558	1.62756065161155
Ray-finned fishes	Pangasianodon hypophthalmus	GCF_027358585.1	6452	13393	2.0757904525728454
Ray-finned fishes	Parambassis ranga	GCF_900634625.1	18960	29210	1.5406118143459915
Ray-finned fishes	Pempheris klunzingeri	GCF_042242105.1	26803	36412	1.3585046450024252
Ray-finned fishes	Periophthalmus magnuspinnatus	GCF_009829125.3	8108	15905	1.961642821904292
Ray-finned fishes	Pholidichthys leucotaenia	GCA_020510985.1	16520	29757	1.801271186440678
Ray-finned fishes	Pholis gunnellus	GCA_910591455.2	24430	29049	1.1890708145722473
Ray-finned fishes	Phoxinus phoxinus	GCA_949152265.1	7522	17773	2.3628024461579367
Ray-finned fishes	Platichthys flesus	GCF_949316205.1	20430	25180	1.232501223690651
Ray-finned fishes	Pleuronectes platessa	GCF_947347685.1	21158	28150	1.330466017582002
Ray-finned fishes	Pollachius pollachius	GCA_949987615.1	7268	14418	1.9837644468904787
Ray-finned fishes	Polymixia cf. hollisterae	GCA_048537225.1	16046	29626	1.846316839087623
Ray-finned fishes	Polymixia lowei	GCA_047511565.1	15729	28610	1.818933180748935
Ray-finned fishes	Poromitra crassiceps	GCA_964638095.1	14811	29912	2.019580041860779
Ray-finned fishes	Pristipomoides typus	GCA_045363895.1	27362	43677	1.5962648929171843
Ray-finned fishes	Protomyctophum bolini	GCA_963924005.1	8474	22593	2.666155298560302
Ray-finned fishes	Protomyctophum parallelum 	GCA_964188405.1	9055	18522	2.045499723909442
Ray-finned fishes	Pungitius pungitius	GCF_949316345.1	16368	27000	1.6495601173020529
Ray-finned fishes	Pygocentrus nattereri	GCF_015220715.1	6551	15252	2.3281941688291865
Ray-finned fishes	Rhamphochromis sp. chilingali	GCA_963969265.1	20423	29247	1.4320618910052392
Ray-finned fishes	Rhinogobio nasutus	GCA_048301585.1	6105	13956	2.285995085995086
Ray-finned fishes	Rutilus rutilus	GCA_951802725.1	7624	19571	2.56702518363064
Ray-finned fishes	Salarias fasciatus	GCF_902148845.1	17985	27079	1.505643591882124
Ray-finned fishes	Salminus brasiliensis	GCF_030463535.1	5245	11705	2.2316491897044806
Ray-finned fishes	Salmo trutta	GCA_901001165.2	9818	25251	2.5719087390507234
Ray-finned fishes	Sardina pilchardus	GCF_963854185.1	5942	20179	3.395994614607876
Ray-finned fishes	Scardinius erythrophthalmus	GCA_964197995.1	7754	21191	2.7329120453959246
Ray-finned fishes	Scatophagus argus	GCF_020382885.2	25216	29637	1.17532519035533
Ray-finned fishes	Scleropages formosus	GCF_900964775.1	3746	7481	1.9970635344367325
Ray-finned fishes	Scomber japonicus	GCF_027409825.1	25870	35196	1.3604947816003092
Ray-finned fishes	Scomber scombrus	GCF_963691925.1	25618	38798	1.5144820048403467
Ray-finned fishes	Scophthalmus maximus	GCA_963854745.1	20893	28198	1.3496386349495046
Ray-finned fishes	Sebastes fasciatus	GCA_043250625.1	26101	34432	1.3191831730585035
Ray-finned fishes	Sebastes umbrosus	GCF_015220745.1	26202	33739	1.2876497977253645
Ray-finned fishes	Silurus aristotelis	GCA_946808225.1	5554	10907	1.9638098667626935
Ray-finned fishes	Solea solea	GCF_958295425.1	16803	22957	1.3662441230732607
Ray-finned fishes	Sparus aurata	GCF_900880675.1	27485	46845	1.7043842095688557
Ray-finned fishes	Sphaeramia orbicularis	GCF_902148855.1	20333	30756	1.5126149609009985
Ray-finned fishes	Spinachia spinachia	GCA_048126635.1	15751	19104	1.212875372992191
Ray-finned fishes	Sprattus sprattus	GCA_963457725.1	6163	13827	2.2435502190491645
Ray-finned fishes	Squalius cephalus	GCA_949319135.1	7919	20390	2.5748200530369996
Ray-finned fishes	Symphodus melops	GCA_947650265.1	20318	32987	1.623535781080815
Ray-finned fishes	Symphorus nematophorus	GCA_048128725.1	26187	37490	1.4316263795012794
Ray-finned fishes	Synchiropus picturatus	GCA_044231675.1	6942	12636	1.8202247191011236
Ray-finned fishes	Syngnathus acus	GCF_901709675.1	5926	8775	1.4807627404657442
Ray-finned fishes	Syngnathus typhle	GCA_048301445.1	6290	12518	1.9901430842607313
Ray-finned fishes	Takifugu rubripes	GCF_901000725.2	10339	18279	1.7679659541541735
Ray-finned fishes	Taurulus bubalis	GCA_910589615.1	23938	29918	1.249812014370457
Ray-finned fishes	Tautogolabrus adspersus	GCA_020745685.1	22777	27855	1.222944198094569
Ray-finned fishes	Telmatherina bonti	GCA_933228915.1	19129	29229	1.5279941450154215
Ray-finned fishes	Thalassophryne amazonica	GCF_902500255.1	13316	25969	1.950210273355362
Ray-finned fishes	Thunnus albacares	GCF_914725855.1	27820	35775	1.2859453630481668
Ray-finned fishes	Thunnus maccoyii	GCF_910596095.1	27812	35196	1.2654969078095786
Ray-finned fishes	Thunnus thynnus	GCF_963924715.1	27654	34744	1.2563824401533232
Ray-finned fishes	Toxotes jaculatrix	GCF_017976425.1	26857	32387	1.2059053505603754
Ray-finned fishes	Trachurus trachurus	GCA_905171665.2	23147	32339	1.3971140968592042
Ray-finned fishes	Trichomycterus rosablanca	GCF_030014385.1	5443	17493	3.213852654785964
Ray-finned fishes	Xenentodon cancila	GCA_014839995.1	17157	22130	1.2898525383225505
Ray-finned fishes	Zeus faber	GCA_960531495.1	9034	14219	1.5739428824441
Turtles	Caretta caretta	GCA_965140235.1	2518	2918	1.158856235107228
Turtles	Carettochelys insculpta	GCA_033958435.1	2143	2757	1.2865142323845078
Turtles	Chelonia mydas	GCF_015237465.2	2765	3419	1.2365280289330922
Turtles	Dermochelys coriacea	GCF_009764565.3	2629	3131	1.1909471281856219
Turtles	Emys orbicularis	GCF_028017835.1	2818	3464	1.2292405961674946
Turtles	Eretmochelys imbricata	GCA_965152235.1	2535	2949	1.1633136094674557
Turtles	Gopherus evgoodei	GCF_007399415.2	2727	3347	1.2273560689402274
Turtles	Gopherus flavomarginatus	GCF_025201925.1	2710	3340	1.2324723247232472
Turtles	Lepidochelys kempii	GCA_965140285.1	2519	2927	1.1619690353314807
Turtles	Lepidochelys olivacea	GCA_965140295.1	2533	2928	1.1559415712593761
Turtles	Macrochelys suwanniensis	GCA_033349115.1	2702	3279	1.2135455218356772
Turtles	Malaclemys terrapin	GCF_027887155.1	2797	3320	1.1869860564890955
Turtles	Myuchelys georgesi	GCA_040894355.2	2544	2902	1.1407232704402517
Turtles	Natator depressus	GCA_965152275.1	2743	3276	1.1943127962085307
Turtles	Pangshura tecta	GCA_045781085.1	2453	2833	1.1549123522217692
Turtles	Podocnemis expansa	GCA_045364815.1	2053	2338	1.1388212372138333
Turtles	Sternotherus odoratus	GCA_032164245.1	2630	3344	1.2714828897338404
